{"stats":{"minecraft:crafted":{"minecraft:spruce_planks":4},"minecraft:killed":{"minecraft:cow":1},"minecraft:mined":{"minecraft:large_fern":15,"minecraft:grass_block":2,"minecraft:flowering_azalea_leaves":1,"minecraft:spruce_leaves":5,"minecraft:spruce_log":1,"minecraft:fern":2},"minecraft:picked_up":{"minecraft:stick":1,"minecraft:leather":2,"minecraft:wheat_seeds":2,"minecraft:beef":2,"minecraft:spruce_log":1,"minecraft:dirt":2},"minecraft:custom":{"minecraft:time_since_rest":10511,"minecraft:play_time":10511,"minecraft:sprint_one_cm":7097,"minecraft:damage_taken":20,"minecraft:walk_one_cm":7287,"minecraft:mob_kills":1,"minecraft:jump":32,"minecraft:damage_dealt":166,"minecraft:leave_game":1,"minecraft:time_since_death":10511,"minecraft:total_world_time":10511,"minecraft:fly_one_cm":8091,"minecraft:fall_one_cm":900}},"DataVersion":3465}